Step,StepGlobal,Balance,Action,Position,Reward,TotalReward,Done,Wins,Losses,TotalTrades,TimeLimit.truncated,Truncated
4999,4999,10276.509999999984,0.32808596,2,0.0,0.18158110782980091,True,422,456,878,"{'r': 0.181581, 'l': 4989, 't': 6.999742}",False
4999,9988,6271.299999999984,1.0,0,0.031502836455984395,-0.3042190697696074,True,367,450,817,"{'r': -0.304219, 'l': 4989, 't': 13.880864}",False
4999,14977,10420.470000000001,1.0,1,0.0,0.19838308263345072,True,417,429,846,"{'r': 0.198383, 'l': 4989, 't': 21.17782}",False
4999,19966,4824.309999999993,-1.0,2,0.0,-0.5837639023572356,True,386,456,842,"{'r': -0.583764, 'l': 4989, 't': 28.007508}",False
4999,24955,15561.949999999984,0.27110958,2,0.0,0.6096060411123564,True,390,424,814,"{'r': 0.609606, 'l': 4989, 't': 35.222839}",False
4999,29944,7796.420000000022,0.6339146,0,-0.02518308091069694,-0.08995147505562097,True,369,423,792,"{'r': -0.089951, 'l': 4989, 't': 42.084402}",False
4999,34933,15523.350000000002,1.0,0,-0.021299788981785105,0.5842407963913583,True,405,399,804,"{'r': 0.584241, 'l': 4989, 't': 49.388646}",False
4999,39922,14424.839999999986,1.0,1,0.0,0.5591004680360754,True,373,417,790,"{'r': 0.5591, 'l': 4989, 't': 56.489209}",False
